trial_idx,choice1,choice2,rt1,rt2,pda_loglik,pda_used_eps,pda_n_samples,analytical_loglik,loglik_diff
1,2,4,2259.0,2352.0,-16.758045854994375,false,1000,-16.645371082814428,-0.11267477217994681
2,2,4,2060.0,2415.0,-16.839331296286705,false,1000,-16.63693007408077,-0.20240122220593548
3,1,2,3264.0,3606.0,-18.619276385094008,false,1000,-18.51141140605807,-0.10786497903593784
4,1,1,2469.0,757.0,-19.3458300846766,false,4365,-18.98151917578665,-0.3643109088899479
5,1,2,5601.0,3351.0,-19.5630038673703,false,1000,-19.439895391051174,-0.1231084763191248
6,1,1,6992.0,2473.0,-19.495528918868075,false,1000,-19.607346215151495,0.11181729628341941
7,1,1,3163.0,840.0,-16.380824076495394,false,1000,-16.30455382490602,-0.07627025158937428
8,2,3,2355.0,1424.0,-17.990591028841862,false,1000,-17.802352792028508,-0.18823823681335483
9,2,3,2406.0,743.0,-15.003417046460894,false,1000,-15.019909108457611,0.0164920619967166
10,2,3,2182.0,3402.0,-17.424487724081377,false,1000,-17.394190362139817,-0.030297361941560297
11,2,4,4316.0,2218.0,-18.380970491347952,false,1000,-18.14239093355213,-0.2385795577958234
12,2,3,2022.0,1306.0,-15.46226665780103,false,1000,-15.361854952675934,-0.10041170512509545
13,2,3,1314.0,1565.0,-20.879691236982428,false,9360,-20.803892279153892,-0.07579895782853541
14,2,4,1786.0,2179.0,-16.247240251918544,false,1000,-16.09183763764506,-0.15540261427348412
15,1,2,2244.0,2277.0,-16.915603709759235,false,1000,-16.996743979397465,0.08114026963822951
16,1,1,1162.0,823.0,-16.164443112956313,false,1000,-16.26790240932314,0.10345929636682527
17,1,1,1583.0,813.0,-16.701853724723737,false,1000,-16.523528641415755,-0.1783250833079819
18,2,3,1343.0,406.0,-15.187567084586863,false,1000,-15.298901929579554,0.11133484499269031
19,2,3,2737.0,885.0,-15.615434978028958,false,1000,-15.666110635922962,0.05067565789400419
20,1,1,4831.0,1406.0,-18.759641364285763,false,1000,-18.597406551802308,-0.1622348124834545
21,2,4,5316.0,3822.0,-22.091163349178313,false,1000,-21.588098651718262,-0.5030646974600508
22,1,1,2269.0,1413.0,-16.21763496388852,false,1000,-16.29019204949829,0.0725570856097697
23,2,4,1624.0,2118.0,-16.67875658467098,false,1000,-16.783299162184395,0.10454257751341345
24,2,4,1568.0,3572.0,-17.815920246251885,false,1000,-17.725187961647194,-0.09073228460469096
25,2,4,3076.0,2289.0,-18.148347509759816,false,1000,-18.195210863065505,0.046863353305688804
26,2,3,5505.0,945.0,-18.14729742453992,false,1000,-18.814988470800188,0.6676910462602663
27,2,3,2532.0,478.0,-15.702142918943872,false,1000,-15.693490508291827,-0.008652410652045361
28,1,1,3083.0,391.0,-17.846451782614853,false,1000,-17.402413276360576,-0.44403850625427665
29,1,1,3601.0,274.0,-18.329439821567263,false,1000,-19.326436631061565,0.996996809494302
30,2,4,5781.0,1691.0,-18.355752251453236,false,1000,-18.58563852998208,0.2298862785288449
31,2,3,1492.0,958.0,-17.60780313757076,false,1000,-17.470850935772212,-0.13695220179854672
32,1,1,4738.0,507.0,-18.087396571481847,false,1000,-17.917619555899197,-0.16977701558264968
33,2,4,4707.0,2123.0,-18.02551265204928,false,1000,-18.16016373769014,0.13465108564086137
34,2,3,2993.0,1511.0,-16.981705040307148,false,1000,-16.940009159380473,-0.04169588092667453
35,2,4,1581.0,2293.0,-16.106548422511697,false,1000,-15.995992144257654,-0.1105562782540428
36,2,4,2018.0,4045.0,-18.687290160661984,false,1000,-18.53672588180065,-0.15056427886133505
37,2,4,2605.0,2499.0,-16.91157045347615,false,1000,-17.01816797947979,0.10659752600364314
38,1,1,2774.0,727.0,-15.404458809561012,false,1000,-15.356278142185374,-0.048180667375637753
39,2,4,1212.0,1525.0,-17.078894985002638,false,1000,-17.395775920981592,0.31688093597895417
40,2,4,3991.0,2093.0,-17.742196698820546,false,1000,-17.78028322905842,0.038086530237873006
41,1,2,1675.0,1362.0,-15.139929262569364,false,1000,-15.138889568992393,-0.001039693576970535
42,1,1,1881.0,748.0,-15.357758640082157,false,1000,-15.155650815587997,-0.20210782449415987
43,1,1,2880.0,383.0,-16.110337621696843,false,1000,-16.43545356434828,0.3251159426514363
44,1,1,2585.0,3818.0,-18.345593416970214,false,1000,-18.124670170633877,-0.2209232463363371
45,1,2,3282.0,1812.0,-17.214064996978745,false,1000,-17.26681964463719,0.052754647658446174
46,2,3,4940.0,864.0,-17.326177168173796,false,1000,-17.18197704467441,-0.1442001234993846
47,1,2,2194.0,814.0,-15.329028230793245,false,1000,-15.211877072177163,-0.11715115861608183
48,1,1,2574.0,1423.0,-23.05360221788665,false,10000,-22.670027777758367,-0.3835744401282817
49,2,4,1568.0,3183.0,-17.354396553519884,false,1000,-17.494772952282467,0.14037639876258368
50,2,3,4574.0,498.0,-17.99324179560663,false,1000,-18.281926559730046,0.2886847641234169
51,1,1,8189.0,2750.0,-21.002495391153353,false,1000,-21.504087165443572,0.501591774290219
52,1,1,4594.0,2731.0,-19.31689443802334,false,1000,-19.653073193645852,0.3361787556225124
53,2,4,1788.0,2014.0,-16.055590592306675,false,1000,-15.915645353019046,-0.1399452392876288
54,2,4,1312.0,1199.0,-15.131724055475932,false,1000,-15.18019292687927,0.048468871403338554
55,2,4,1680.0,1716.0,-16.040943985687765,false,1000,-16.013004232041986,-0.02793975364577861
56,2,4,2313.0,1608.0,-16.44398928338839,false,1000,-16.48152245511907,0.03753317173067927
57,2,3,1893.0,836.0,-16.432684188187775,false,1000,-16.33878831976442,-0.09389586842335618
58,1,2,2013.0,1250.0,-15.285582923161616,false,1000,-15.228846727769675,-0.056736195391941635
59,2,4,1949.0,1714.0,-16.32113267798529,false,1000,-16.299926108700646,-0.021206569284643706
60,1,1,1693.0,1105.0,-15.533719571999363,false,1000,-15.467844133297344,-0.06587543870201884
61,2,4,1534.0,2773.0,-16.658018235478036,false,1000,-16.792356368987207,0.13433813350917134
62,2,4,1628.0,1877.0,-15.670740239731593,false,1000,-15.66657341332892,-0.004166826402673962
63,2,3,3889.0,3255.0,-18.800202985301834,false,1000,-18.875404037680475,0.07520105237864172
64,2,4,1032.0,3612.0,-18.70246658715941,false,1000,-20.279113104905512,1.5766465177461022
65,2,4,1040.0,2814.0,-18.420047618615502,false,1000,-18.822188920469532,0.4021413018540301
66,2,3,2043.0,2072.0,-17.169393294511224,false,1000,-17.0389532830865,-0.1304400114247244
67,2,3,1303.0,2081.0,-16.491587291969672,false,1000,-16.224453111737816,-0.26713418023185653
68,2,4,3497.0,1479.0,-16.862404465978138,false,1000,-16.931983493523887,0.06957902754574974
69,1,1,2784.0,640.0,-16.37355649112566,false,1000,-16.113505453396357,-0.2600510377293048
70,2,3,6548.0,2678.0,-19.227123402551022,false,1000,-19.366614339954033,0.13949093740301066
71,2,4,3395.0,1827.0,-17.45797651589819,false,1000,-17.341119126914883,-0.11685738898330555
72,1,2,2007.0,3231.0,-16.96593295982477,false,1000,-16.96660768144333,0.0006747216185623017
73,2,3,1365.0,2875.0,-20.541594561193,false,3948,-20.610286336658994,0.06869177546599303
74,2,3,4690.0,657.0,-17.91577999532687,false,1000,-18.062621458849275,0.14684146352240646
75,1,1,4505.0,1561.0,-18.112143297661778,false,1000,-18.055107645748866,-0.057035651912912044
76,1,1,1995.0,3919.0,-17.889644679613692,false,1000,-17.71489208984902,-0.17475258976467245
77,2,3,3749.0,1147.0,-17.437579481217394,false,1000,-17.336778494535594,-0.10080098668180071
78,2,3,1444.0,2287.0,-18.361757646944454,false,1000,-18.361633888069044,-0.00012375887541082875
79,2,3,1388.0,1042.0,-15.293025737201878,false,1000,-15.332770444672738,0.03974470747085945
80,2,3,2717.0,500.0,-16.515429022896704,false,1000,-16.610722617446903,0.09529359455019915
81,1,1,2038.0,476.0,-14.86347847136268,false,1000,-14.7732579278772,-0.09022054348547925
82,2,3,1383.0,1415.0,-15.642112505207253,false,1000,-15.631239334323144,-0.010873170884108774
83,2,3,2996.0,854.0,-16.398826675988,false,1000,-16.388441237997284,-0.010385437990716895
84,1,1,4732.0,618.0,-19.242649470254282,false,1000,-19.033560890388713,-0.2090885798655684
85,1,2,2116.0,940.0,-15.054194531943944,false,1000,-15.107989420326595,0.053794888382650896
86,2,3,1472.0,975.0,-15.983510515382715,false,1000,-15.870312421380547,-0.1131980940021684
87,2,3,1056.0,468.0,-16.868031809764876,false,1000,-17.683925763015992,0.8158939532511162
88,2,3,6651.0,953.0,-17.832767750028637,false,1000,-17.712480993540396,-0.12028675648824105
89,1,2,3797.0,1471.0,-17.07347281055031,false,1000,-17.150664361646392,0.07719155109608167
90,1,1,1855.0,433.0,-15.404993271809426,false,1000,-15.13030809525138,-0.27468517655804625
91,1,2,2165.0,1878.0,-16.286098871064393,false,1000,-16.350673362685,0.06457449162060769
92,1,2,2065.0,2084.0,-16.150574468432243,false,1000,-16.284308576695715,0.13373410826347154
93,2,3,2439.0,2859.0,-17.20370249348295,false,1000,-17.31047277945909,0.10677028597613969
94,1,1,1902.0,1184.0,-15.094730889343014,false,1000,-15.185778635030099,0.09104774568708507
95,2,4,2087.0,1620.0,-15.998349917725301,false,1000,-16.116902958144035,0.1185530404187336
96,2,3,3767.0,705.0,-17.11831057922877,false,1000,-17.59088294092291,0.47257236169414085
97,2,4,2623.0,1411.0,-16.17058758879824,false,1000,-16.20008472419918,0.02949713540093768
98,2,3,2057.0,715.0,-15.177120461784181,false,1000,-15.092556429550775,-0.08456403223340558
99,2,4,2059.0,1731.0,-16.580835186311514,false,1000,-16.485297700795293,-0.09553748551622121
100,1,2,2151.0,1324.0,-16.19544367895905,false,1000,-16.177525303597005,-0.0179183753620471
101,2,3,5307.0,872.0,-18.75831197279563,false,1000,-18.88682940021882,0.12851742742318706
102,2,4,5380.0,2280.0,-18.57305903818506,false,1000,-18.694227949938533,0.12116891175347178
103,2,3,3383.0,323.0,-16.92707974423973,false,1000,-16.855737331992295,-0.07134241224743576
104,2,4,5407.0,2242.0,-19.019826575823767,false,1000,-19.24340447869602,0.223577902872254
105,1,1,7672.0,2108.0,-20.649261765082976,false,1000,-21.059640313973667,0.4103785488906908
106,1,1,2577.0,862.0,-16.47425848347648,false,1000,-16.252617971315075,-0.2216405121614038
107,2,3,1402.0,818.0,-14.680922900514886,false,1000,-14.449345537989327,-0.2315773625255595
108,1,2,5730.0,2940.0,-19.37714360862935,false,1000,-19.549000330773367,0.17185672214401748
109,2,4,1955.0,1537.0,-15.71730551820647,false,1000,-15.833241901300925,0.11593638309445531
110,1,1,9380.0,2571.0,-20.757929716069004,false,1000,-21.095257039266173,0.33732732319716874
111,2,3,8665.0,2568.0,-20.1950546931117,false,1000,-20.179699849916112,-0.01535484319558833
112,1,1,2089.0,521.0,-15.182674871913148,false,1000,-15.254419807113667,0.07174493520051861
113,2,4,2112.0,2070.0,-16.27224041502456,false,1000,-16.243250080474954,-0.028990334549604313
114,1,1,3466.0,574.0,-18.060514175003245,false,1000,-18.170583083847205,0.11006890884396014
115,2,3,5833.0,585.0,-17.68671628497051,false,1000,-17.87106337773291,0.18434709276239758
116,1,2,1696.0,1184.0,-15.02703597829172,false,1000,-14.88554959285273,-0.14148638543898961
117,2,3,3253.0,447.0,-16.344365336784573,false,1000,-16.438868798938934,0.09450346215436056
118,2,3,2617.0,2232.0,-17.293393353252476,false,1000,-17.0619636508601,-0.2314297023923757
119,1,1,5839.0,1103.0,-18.3408316225351,false,1000,-18.507578626754768,0.16674700421966904
120,1,1,4160.0,633.0,-18.10969882085135,false,1000,-17.60380744805138,-0.5058913727999688
121,2,3,1310.0,2839.0,-19.644491040578288,false,1752,-19.64313425572755,-0.001356784850738535
122,1,2,2954.0,1045.0,-16.582423864413403,false,1000,-16.453768617976117,-0.12865524643728676
123,2,3,1535.0,400.0,-15.35995634186058,false,1000,-15.36982575252891,0.009869410668331469
124,1,1,3269.0,1703.0,-17.131728117994733,false,1000,-17.391082179799053,0.25935406180431997
125,2,4,1798.0,1330.0,-16.526423199994102,false,1000,-16.25525901822219,-0.2711641817719119
126,2,4,2937.0,1519.0,-16.941905699080102,false,1000,-16.98820370422092,0.046298005140815945
127,2,4,2510.0,1275.0,-15.815596981131748,false,1000,-15.863718499725888,0.048121518594140156
128,1,2,1575.0,2366.0,-18.940666579655062,false,1730,-19.025919668447234,0.08525308879217164
129,1,1,7311.0,320.0,-18.129571229207478,false,1000,-18.712476229098115,0.582904999890637
130,1,1,2392.0,457.0,-15.108175992122057,false,1000,-15.037477513166804,-0.0706984789552525
131,2,4,1745.0,3466.0,-17.124149780106166,false,1000,-16.90760677577469,-0.2165430043314771
132,1,2,5889.0,1500.0,-18.297542610755794,false,1000,-18.212064958010387,-0.08547765274540708
133,2,3,2470.0,504.0,-15.702796338870233,false,1000,-15.757753530780047,0.054957191909814185
134,2,3,1616.0,508.0,-16.524499239952824,false,1000,-16.287827127125105,-0.23667211282771916
135,1,1,6863.0,862.0,-22.55826001719045,false,6053,-22.472375579494233,-0.08588443769621534
136,2,3,2252.0,1795.0,-16.182634009888115,false,1000,-16.16976793449348,-0.012866075394637022
137,2,4,2221.0,1562.0,-18.10569816264824,false,1000,-18.041428567594366,-0.06426959505387231
138,1,1,4102.0,498.0,-17.32616911373563,false,1000,-16.921331388009033,-0.4048377257265976
139,1,2,2518.0,1083.0,-15.819834963038572,false,1000,-15.744724322685233,-0.07511064035333881
140,1,2,6979.0,1667.0,-19.028977142326028,false,1000,-19.060765190339303,0.03178804801327573
