wid,true_d1,true_d2,true_θ1,true_θ2,true_T1,true_T2,fitted_d1,fitted_d2,fitted_θ1,fitted_θ2,fitted_T1,fitted_T2,rss,n_trials
recovery_001,4.654526923734822e-5,6.0068551492124044e-5,0.27257951589468465,0.802825564365156,2935.577970446203,2320.917727787569,0.009882941150507593,0.0077693191219426515,0.5720628272966474,0.49616563053504903,2496.1965633073646,4710.637805811035,2.5816816950859134,97
recovery_002,0.0006565054223937907,0.0002640246470419014,0.25016203168587436,0.7438885751315018,3684.4767903250718,2890.5546494662067,0.00010218806003369514,0.0006603744327163749,0.16713791087735444,0.9262266500666738,2174.3491070345044,3227.639444032684,5.741942784292673,100
recovery_003,1.2804949469388574e-5,3.3844407374490535e-5,0.06087740687919321,0.3134413875904296,1160.6175655403251,4564.121851039579,0.0020726794189090477,0.00018177209238364137,0.5244851112365723,0.20188604831695556,94.30127143859843,5020.654678344727,2.38254897727806,100
recovery_004,4.033908745514825e-5,0.00038381994662604104,0.317378663638375,0.45329318713843986,3160.320904619207,3439.7950346566354,0.0036726692006367684,0.0003125227114141603,0.09346289234496229,0.5885198847598304,3456.6126624852636,3082.1021557069994,3.024205620244043,100
recovery_005,0.0002932415125652572,2.1651852624483806e-5,0.08654020146529708,0.19120174245402577,1968.88423015037,4015.014366182086,0.0006505591353937394,0.00016263500342465724,0.6591718755764673,0.43773489457923576,1296.070500119498,3356.047212928601,2.729743365222481,100
recovery_006,0.0003392295822707469,0.0007564290663113293,0.6857627178236415,0.9435694167035407,4054.5338611192924,3461.388494902019,0.008894103178901687,0.00021329922001967708,1.91627819776535,0.8617950177192688,5433.537375926971,2526.1881232261658,2.208924494152666,99
recovery_007,0.00027979248540986476,0.0001456088145379436,0.29906666217483807,0.901617148065879,2071.908561772858,4364.390122174604,0.009993598485805645,0.00019798525158548912,0.26551798134445564,0.5717295186613046,2288.0302714867867,5403.836787652836,2.6838355453812364,98
recovery_008,0.0006462882959421554,0.0009639949646696583,0.4394224441332469,0.6871623946071463,2077.319401004761,920.5965863882627,0.005421071532558646,0.009025541461464299,0.21438356925267726,0.6119154286850244,2727.1726786624636,1192.2966419253496,0.9189125723513651,100
recovery_009,6.784253787283535e-5,0.00012067633612538074,0.17605991076736197,0.04305483059793835,3129.9525566334987,1779.1314279161065,6.272212052743894e-5,6.6257364250197395e-6,0.5043564374744892,0.2439113542996347,2479.922990873456,1431.20101056993,3.550741047589786,100
recovery_010,0.0004258105220740762,0.00043005384072030675,0.3483766649134371,0.4574449449328566,4367.3116433383575,1583.359686580278,0.0016087117552040496,0.0006029617666948792,0.6155327014019712,0.45253957476466894,4116.359389107674,1637.812777981162,0.5513249987343953,100
recovery_011,4.6244319567473144e-5,3.002291564421874e-5,0.9640938579513375,0.31479407088899153,4675.489051032988,4282.378373311742,0.0008826929941200963,1.0005871595135032e-6,0.3600714310967851,0.07792583762271535,4165.54955357301,4722.4491676216985,5.822302265510134,93
recovery_012,7.487280742556957e-5,6.29609116160892e-5,0.8040208393996492,0.2566015084717933,2223.0511432662224,3772.0629954429746,0.000618802790932235,0.005177922869761714,0.5540685848198337,0.0016219928195641675,4123.0069615499815,4201.106093748967,3.6382777640313755,99
recovery_013,0.0004845147759807035,0.00021176390660063968,0.9957179354406118,0.2596937212401008,1019.7453970244622,483.01791928335706,0.0010928256704219146,0.00035651765312690953,0.6979857122999965,0.1812125980126439,2037.6833698683183,732.8281483292811,0.9262096756064437,100
recovery_014,1.9005206633061358e-5,0.0002622312030108231,0.12440864465608843,0.906352938612637,3721.479725717949,2014.8564363509815,2.068847243480848e-5,0.0009537221535833488,0.7330174418073147,0.7197006547125057,10.00000047497423,3264.3791479989886,6.2952256871880055,98
recovery_015,0.0007473626198999824,0.0002892357734877524,0.8947772520878252,0.8111421734812254,1580.9129030569832,2368.3886025473635,0.0005573764145639776,0.0004992715400764532,0.71546109464849,0.8322848607779452,1622.1394546781085,2826.214125496335,1.437345841542561,98
recovery_016,0.0006205646173817866,1.758120227378505e-5,0.22319801194093616,0.03292382635572602,154.8983026793645,812.6538774906553,1.3933120967414845e-5,8.571727672370033e-5,0.09879804179072384,0.03806083820760253,345.2816434204578,830.5583752691743,3.895786297918773,100
recovery_017,8.289428023657957e-5,3.296033844520731e-5,0.9571560606612233,0.9088626365923062,678.2579175853398,3314.980067549624,0.0005553709343918,0.00037516379156340827,0.58157460357761,0.39815256475034405,2357.140842161607,6150.47391586122,3.5868291319120202,91
recovery_018,0.0004358584771068732,3.1939876772313186e-5,0.02715431512487898,0.07094762944190924,1885.557479236912,976.3181758996599,6.327127103531775e-6,1.0290654352165752e-5,0.5421610188484193,0.0010033720731735221,10.00002101063696,880.9954963624475,4.776539462847934,100
recovery_019,0.00018637891851301804,0.00045869062001073523,0.09192838216938355,0.5400546926244407,1701.1447511510928,4644.559715210642,0.0034602700050650487,7.215676689541432e-5,0.7020407218346372,0.0017709420900791856,650.0706816092132,5499.771717609837,7.472297643559895,100
recovery_020,0.0008084479842143473,5.834161172148918e-5,0.8530695026588501,0.1299066857645887,2083.3118048862557,3354.022193807559,0.0040328933540775,2.2265827570648787e-5,0.41088539656135253,0.3062065550109401,2910.7961203961163,2954.795812516386,0.4526603192050754,99
recovery_021,4.803546942106416e-5,8.030242204407232e-5,0.9694279003178448,0.5606501716271288,4166.120825079368,922.3470933800616,0.0004219732976563485,3.148264365334429e-5,0.7984505265951156,0.38765499979257584,5658.159485459328,1913.5542124509811,4.59051563657555,92
recovery_022,0.00086347263390805,8.956383624006127e-5,0.8978121073695623,0.9642473551999513,272.2714661388113,729.4828550402074,0.009877163330013176,0.00023595636456011815,0.11127464796467411,0.6275661645323601,1238.5441068136536,2582.111670650194,1.9223185661002318,94
recovery_023,1.0265249466394544e-5,0.0006086937053432483,0.9518711229875945,0.660420003920772,3605.5697385680583,2780.4293619172413,0.0023222277370964777,0.0005652575604595992,0.2875870680809021,0.614541437625885,6950.099539756774,2608.517110347748,4.523303285374917,90
recovery_024,0.00013799518819187118,0.00016828389144666307,0.8532329689094611,0.5267793595847531,3939.3790203067592,2179.2732439215733,3.62193813942249e-5,0.001345498718537255,0.0017248516494874503,0.4060646665317472,6219.456120603718,2810.1800745236687,4.716801495277094,98
recovery_025,2.2336891434222508e-5,2.4450479038180876e-5,0.4086687332410874,0.25578701322163083,3866.93916195459,2035.3894405919016,0.001690420613965652,0.0007893481833593238,0.8584009460051312,0.03524970776867124,4712.8226562344935,2518.164203461492,2.9425693642771478,100
recovery_026,2.0073687002621142e-5,3.9652274046613574e-5,0.8342085515811838,0.06308148290537828,3715.7483729624164,3821.9099922037585,0.008740574907372919,4.2799488197237086e-5,0.6787490991503,0.06902402723208073,6563.93282674253,3770.4312896355987,3.7666072277389646,97
recovery_027,0.0005019411918147359,1.3440940111054644e-5,0.48053400139034214,0.36540310091017614,1624.7502695024548,1510.89899146579,0.007254475687490943,9.086140592185501e-6,1.0536679741013357,0.04283148588510813,1311.1855609335178,2040.7868955262527,0.7983191129383874,100
recovery_028,4.410332488279765e-5,0.0002174017389955967,0.924385628833268,0.9250364038151242,1433.121742606761,2233.185491420183,0.0095256915281319,0.00023667204758528112,0.006833958197385075,0.9054680244810879,4546.506724134088,1819.727937504649,7.804679579403029,80
recovery_029,9.371912899158945e-5,5.806658336277256e-5,0.8766238966226911,0.7454998977010756,4252.802036515156,2358.7740785599194,0.0005531279009041465,0.0005477325012371965,0.7438197951603795,0.18691841505736398,5168.918502623332,4414.2979711608095,3.4781780025131837,96
recovery_030,0.00011478257153005362,0.0006225221131966085,0.5675857725692104,0.6706791106532589,202.62146752673343,2516.0396220492976,0.007070418471881419,0.00035819383858865954,0.0028728281626968014,0.6173096100189661,1161.956676645957,2265.0281661566623,2.050503943171303,100
recovery_031,0.0004806213368371305,0.0006981465523833648,0.3336045172475025,0.6465657192371714,4440.640770686671,1627.1788723026368,0.009985452550099616,0.0021098151485236015,0.21709860053000737,0.5548976428838797,4224.739292394952,2099.550965009257,0.6971808807292258,99
recovery_032,0.0009016376692221082,1.238971665765225e-5,0.7665707031261155,0.029099128690251337,772.6758475113272,2750.066250345951,0.009186274922745187,1.0000548335067378e-6,1.9999809004586357,0.1014702523693442,10.102582706315728,2709.5406498824577,0.5189390915413459,100
recovery_033,7.556359830201731e-5,5.55122328280408e-5,0.5108508323742113,0.9101534803151641,2839.986357349491,4942.933545533887,0.009999938210140948,2.3012324533691274e-5,0.8750009352603456,0.3330484711425697,1885.9901439004261,8105.249468022385,4.956402186894293,94
recovery_034,5.1192205031549776e-5,6.121158248096512e-5,0.6253913495797879,0.4164343580622273,4134.946124419453,2902.8363244594125,0.0005548086901438074,0.00018625427382074687,1.0098400265839336,0.44990074593820595,4334.8823170956475,2957.500532021251,6.3447936168953625,100
recovery_035,4.926805999337821e-5,0.0002108879999659428,0.43679965178942537,0.8403996319314376,1696.7877858106224,1126.812230795684,2.154073572012076e-6,0.00042108096099376666,0.23542169505730273,0.6463952618651093,2911.738656833768,2029.0324322879312,3.956303507667428,99
recovery_036,0.00021606085277788432,0.0005975374654195394,0.28155147520929064,0.6377746618369244,4077.7395798513626,729.4406175030722,0.0012049981744923332,0.0032045808971732045,0.4108977047956806,0.6312685225418512,4020.7067846975406,1378.3181045774766,4.396736635434701,100
recovery_037,0.00022407698416562923,0.00029838800601876054,0.696527340512204,0.9249709109303801,1294.7547867684323,507.0392987136428,0.004836142014529145,0.0005326208736511824,0.39825120369474465,0.7210498267932417,3208.495863786811,1377.2616996851864,2.0365472136353073,96
recovery_038,0.00038465748188821884,6.455621721190672e-5,0.8801340399976059,0.8579075285088146,4773.494031874778,4935.232131473268,0.0019137234054333598,7.515113878277752e-6,0.5810958171885275,0.48853849036661584,7196.085078990492,6439.243489644948,6.966831447933347,95
recovery_039,0.0004511716778428659,0.0005012751351490458,0.4148841843063936,0.9487236470226146,2825.5743760335176,3256.976324086501,0.0027434235412360135,0.00046864685404123397,0.3823230234161019,0.9561801614053547,3046.2274059653278,3198.255171813071,2.1088146410537734,99
recovery_040,1.640771756262717e-5,0.0004881037422209537,0.08404944216709373,0.7144884230405292,2766.8216930945414,3369.017299492746,0.00022418371274410132,0.000514830419406325,0.12371476173400882,0.6759441328048705,2806.1016559600826,3467.280340194702,3.104476657023294,100
recovery_041,0.0004283282920766541,0.00017518339541190833,0.3941525633655393,0.0576178122807493,511.97405922043976,3168.91379515303,0.009981137948967095,6.756614461198963e-5,0.0010000000004584037,0.41833765766730724,1022.1401349421284,2176.794775088638,1.7465160007071598,100
recovery_042,0.000391589656666396,0.0003975193169524854,0.9170164411968916,0.4135354425250295,4388.858450687203,2055.557581708853,0.003512855504527453,0.0005680929694028425,0.5414087362178771,0.4278104445056169,5716.2094786576745,2066.9802378439726,0.626134011475816,100
recovery_043,9.16612201293618e-5,3.174090734190582e-5,0.8058456598662163,0.5835547244972722,4992.521216650252,1396.8055630597928,0.0003702875776145935,2.455437311926998e-5,0.7614248144626617,0.07401311755180362,5269.50032711029,3226.1136054992676,6.145196485983898,97
recovery_044,2.3735548078532766e-5,0.0008305418074482833,0.4179380200047879,0.07251676339363197,1842.1748507449709,651.5429968692741,0.0007969213528382211,0.000981469826049705,1.4427081586420536,0.10925305984914303,951.6108227893708,713.3454304188489,2.9310595559631976,100
recovery_045,1.4222255156862241e-5,7.733866173492328e-5,0.6836768070090842,0.21603197706237423,3961.024020878213,546.5500324141258,1.0003431611326235e-6,3.055627688909056e-5,0.4194196359065245,0.1673165824878379,2250.4165833321167,696.4545702736357,7.386238770533704,100
recovery_046,8.802103703960274e-5,9.93763138018585e-5,0.5317294824843589,0.8709570195375542,4834.397804085752,3607.0119020518914,0.003852542441177311,0.00027364514641411227,0.3886028252483448,0.42891466205557666,5667.551685533726,5722.435566448258,6.816860498839501,97
recovery_047,6.082697797473909e-5,0.0007296249396150661,0.5144625664640866,0.9599817848002216,3995.5523892920223,124.01214045372764,0.009421714139135236,0.002457003502730376,0.2843028727683123,0.8060833196400926,4215.670184225746,681.9919883622788,4.274906410018472,96
recovery_048,4.5672507100126266e-5,2.0611835765428137e-5,0.3909596913083694,0.4786533367374723,4415.841945770576,1360.656322622458,1.107720052176923e-6,9.889845064343499e-5,0.01681752890348435,0.08976652503013612,4940.643063187599,2367.0288145542145,4.218890746968621,100
recovery_049,3.492633131963508e-5,7.215955441156497e-5,0.8927456372177885,0.03057483905518868,4962.61033462011,2296.3976119087397,0.00016758858219356108,5.586072123611996e-5,1.4183104216103262,0.41895635598943953,4624.7538958180485,1577.0579958395956,3.3762686923842247,96
recovery_050,0.0002498030260802466,6.585228755463559e-5,0.619983824887593,0.013299447266791335,4090.1383644984894,4162.385852199941,0.0003819555563719311,9.918075655889956e-5,0.6027665373682976,0.14015526533126835,3849.149477481842,4132.409027218819,1.8504612101644053,100
